name,category,address,score,eval_cnt,review_cnt,lat,lng,distance
아리차이 신림점,중화요리,신림동 1430-11,3.8,64,45,37.4875877,126.9282599,388.57662478377654
디자이너리카페,카페,신림동 1465-12,3.6,33,184,37.4850079,126.9240883,497.79294947524454
원조민속순대타운,순대,신림동 1640-31,3.3,30,175,37.4832519,126.9287583,138.27977418048567
월화고기 보라매직영점,"육류,고기",봉천동 732-3,4.2,103,215,37.4915849,126.9262895,865.5576872472375
막불감동 신림본점,냉면,신림동 1433-60,3.7,41,97,37.4842556,126.928156,132.1344710622403
미가할매집,"육류,고기",신림동 1428-21,3.7,16,31,37.4876683,126.9289972,381.9875370899717
포말커피,카페,신림동 1432-119,4.7,27,148,37.4857522,126.9278553,228.5499919144463
멕스칸즉석햄버거,분식,봉천동 698-28,4.6,28,71,37.4897374,126.9287369,613.0049859228026
만성찬팅,양꼬치,신림동 75-42,3.3,60,153,37.4830329,126.9304416,154.410075695072
깡통닭갈비,닭요리,신림동 1433-69,4.1,28,290,37.4847296,126.9277671,174.01679963335152
춘천골숯불닭갈비,닭요리,신림동 1433-128,4.8,24,78,37.4849715,126.9266205,278.6582658375843
강강술래 신림점,"육류,고기",신림동 10-518,2.3,37,106,37.4845321,126.9350234,474.7044744263286
서울갈비 신림점,갈비,신림동 1410-17,4.2,48,137,37.4849462,126.9335792,354.3999253261506
마뇨떡볶이,떡볶이,신림동 1638-1,4.1,46,100,37.4821999,126.928909,239.66028373666316
서울집 신림직영점,"육류,고기",신림동 1430-12,4.6,14,96,37.4875265,126.9280697,387.8524913683349
하정식당,일본식주점,봉천동 702-78,4.1,11,55,37.4913303,126.9273256,811.2010800247177
미남참치,참치회,신림동 1433-114,3.2,13,30,37.4841899,126.9271721,219.12935842502375
고베규카츠 신림점,"돈까스,우동",신림동 1639-27,3.7,26,308,37.4835127,126.9282073,153.0425451229405
정담은보쌈 신림점,"족발,보쌈",봉천동 959-4,4.3,54,123,37.4851801,126.9353297,510.91387198497046
신림황소곱창,"곱창,막창",신림동 1434-14,4.1,16,217,37.484851,126.9270462,238.86231758005607
비엔나커피하우스 신림점,커피전문점,신림동 1431-12,4.4,15,51,37.4865171,126.9289378,257.42941839976095
우리축산정육식당,"육류,고기",신림동 1432-126,3.9,32,116,37.4850484,126.9280418,166.31209297204617
술이남,"호프,요리주점",신림동 1431-43,4.7,10,52,37.4872975,126.928151,361.5229951958848
미나리생삼겹,삼겹살,신림동 1433-139,4.4,29,77,37.4843648,126.9266823,262.35335459704686
토당골,삼계탕,신림동 1425-8,4.5,6,31,37.4867632,126.9297439,277.0471067512628
또순이순대 본점,순대,신림동 1640-31,1.6,49,185,37.4832519,126.9287583,138.27977418048567
신촌황소곱창,"곱창,막창",신림동 1433-63,3.2,18,40,37.4843598,126.9280211,144.348991467271
고모네정육식당 신원시장점,"육류,고기",신림동 1602-1,3.6,22,80,37.4816253,126.9279369,331.0541803133518
제주탐하리 신림점,"육류,고기",신림동 1433-67,3.3,6,72,37.4846397,126.9278882,161.00749747369144
효자골,감자탕,신림동 1427-17,4.1,25,40,37.488072,126.9294007,423.0518385347009
쿠우쿠우 보라매공원점,해산물뷔페,신대방동 395-69,2.9,60,125,37.4912431,126.9240825,917.789803091108
초밥아저씨,"초밥,롤",신림동 1602-2,3.3,23,30,37.4814294,126.9281987,341.2221447670285
불삼시대,삼겹살,신림동 1432-111,3.5,14,85,37.4850777,126.9281952,156.73616526523244
미남포차,실내포장마차,신림동 1429-2,4.7,9,43,37.48913,126.9275346,571.5463966247721
장터참숯무한리필 신림점,"육류,고기",신림동 1430-5,3.0,8,24,37.4880939,126.9282357,442.92848975111724
서울밥집,한식,신림동 1639-57,3.4,25,27,37.4831599,126.9275566,222.57544869955186
가네끼스시,"초밥,롤",신대방동 395-69,4.1,20,108,37.4912431,126.9240825,917.789803091108
어사출또 신림역점,회,신림동 1433-64,3.8,8,31,37.4844683,126.9279653,150.52680228270668
탐나종합어시장,일식집,신림동 1422-6,2.5,10,83,37.4847945,126.932142,227.12183095222903
해족단,술집,신림동 1429-4,4.0,15,57,37.4892824,126.9270507,602.531531866743
카페인중독 신림본점,커피전문점,신림동 1455-1,2.7,15,45,37.4878463,126.925582,535.674672908637
김덕후의곱창조 신림점,"곱창,막창",신림동 1438-23,2.1,16,40,37.4870141,126.926615,405.9462564173005
부뚜막,"육류,고기",신림동 1433-74,3.2,12,218,37.4846742,126.9275146,193.923693742562
부추삼겹살 딱이야 본점,삼겹살,신림동 1432-128,4.3,7,83,37.4849953,126.9278549,177.87058201621196
인생고기,"육류,고기",신림동 1458-3,3.5,4,73,37.4871404,126.925833,464.0126400365068
아웃백스테이크하우스 신대방점,패밀리레스토랑,신대방동 395-69,4.1,19,56,37.4912431,126.9240825,917.789803091108
봉평옹심이메밀칼국수,국수,신림동 1450-24,4.5,28,49,37.489105,126.9252734,661.8688028712425
오첨지,"해물,생선",신림동 1639-32,3.9,24,108,37.4831272,126.928517,162.10415338605887
쩐호우양꼬치&샤브샤브,양꼬치,신림동 1433-74,2.6,18,79,37.4846742,126.9275146,193.923693742562
목포수산,회,신림동 1587-14,3.9,9,30,37.482905,126.9266794,303.2961867731809
라공방 신림점,중화요리,신림동 1422-5,3.4,53,144,37.4847217,126.9300784,62.443638376714425
르브와 신림점,이탈리안,신림동 1637-26,3.3,15,138,37.4817818,126.9292056,279.7789933250796
신도세기 보라매점,"육류,고기",신대방동 395-66,3.7,9,93,37.4913946,126.923403,965.0216093741899
스시이치자,"초밥,롤",신림동 1459-17,4.9,12,39,37.4867785,126.9253757,469.14202592392564
장수촌 풍천장어직판장,장어,신림동 1427-3,3.8,4,12,37.488209,126.9298047,437.9013926366447
대원갈비,갈비,신림동 1432-68,3.0,9,33,37.4860404,126.9289367,206.48119275461175
진화로 신림본점,일본식주점,신림동 1430-50,3.3,3,94,37.4874341,126.9275181,398.83661868603673
짬뽕갑 본점,중화요리,신림동 1459-4,1.1,12,42,37.4866258,126.9260235,413.57068909645767
포라인스커피,커피전문점,신림동 1639-6,3.5,26,24,37.483505,126.9273628,219.39816874319172
아우성황소곱창 신림본점,"곱창,막창",신림동 1433-71,3.3,3,122,37.4848267,126.9277397,179.73895980940904
길초밥,"초밥,롤",신림동 1587-29,3.3,20,42,37.4820106,126.9279009,295.26314442677904
사생활,카페,신림동 496-37,4.1,32,159,37.487749,126.9165045,1222.8715906609652
생생조개,조개,신림동 1587-6,3.6,16,54,37.4833177,126.9261817,324.2101533800775
치킨공방 신림점,치킨,신림동 1433-76,3.8,5,27,37.4845567,126.9275818,185.4932864681633
길동우동집,"돈까스,우동",신림동 1424-8,2.1,30,13,37.4862507,126.9295681,220.07306613377827
할매보쌈,"족발,보쌈",신림동 1432-76,3.8,12,41,37.4856051,126.9292256,152.88901427467948
가야,"호프,요리주점",신림동 1640-44,3.9,10,147,37.4831938,126.929502,120.7089539760918
미남대게 신림점,"게,대게",신림동 1421-45,2.1,12,144,37.4851443,126.9306705,132.08961301544832
통큰갈비,갈비,신림동 1433-32,3.5,15,18,37.4844867,126.9284083,112.40648898685274
고객만족,"족발,보쌈",신림동 1433-58,3.6,8,249,37.4844715,126.9281213,136.97794290825763
생각보다맛있는집 신림점,국수,신림동 1429-2,3.9,9,32,37.48913,126.9275346,571.5463966247721
스타벅스 신림점,커피전문점,신림동 1432-71,3.0,14,19,37.48605870000001,126.9291581,203.34602079449414
조개천하,조개,신림동 1638-15,3.8,4,39,37.482416,126.9293899,207.7600513432318
투닷츠베이커리 (휴업중),"제과,베이커리",신림동 1639-4,3.7,18,54,37.4834779,126.9271552,237.48493680492646
투썸플레이스 신림역점,커피전문점,신림동 1424-28,2.5,8,9,37.4854721,126.9299512,135.9324141104047
고래감자탕 신림점,감자탕,신림동 1438-13,2.6,8,65,37.4868513,126.926148,421.75216438458847
도쿄술집 신림역점,일본식주점,신림동 1640-35,2.8,4,48,37.4834702,126.9289915,106.6452409967562
스타벅스 신림사거리점,커피전문점,신림동 1422-36,4.2,15,12,37.4845659,126.9305815,88.14561633194094
봉구통닭 신림역점,치킨,신림동 1638-26,4.7,3,134,37.4829539,126.928991,157.8609785100136
남고집 신림점,"육류,고기",신림동 1422-22,4.1,8,59,37.4846288,126.931164,139.04874082485816
포도원삼계탕 2호점,삼계탕,신림동 1641-19,3.7,9,103,37.4821435,126.9301389,240.60101870854604
옛날농장,"육류,고기",신림동 1427-4,4.4,5,8,37.4880219,126.9301342,419.04636199903763
스시락,"초밥,롤",신림동 1424-11,3.6,12,27,37.4860714,126.9296713,200.01341979250455
독도해물탕 신림점,"매운탕,해물탕",신림동 1433-76,4.8,4,14,37.4845567,126.9275818,185.4932864681633
스타벅스 보라매공원R점,커피전문점,신대방동 395-65,4.1,17,39,37.4920496,126.9234976,1021.1698949970657
중화요리팔공,중화요리,신림동 10-621,4.3,47,80,37.4840434,126.9370848,656.2134493843662
사이공본가 신림점,베트남음식,신림동 1433-88,4.0,13,75,37.4842235,126.9276952,172.86636042989116
해인어시장,회,신림동 1433-120,3.0,4,53,37.48423990000001,126.9269283,240.4752901552038
전주식당,한식,신림동 1421-41,3.7,11,35,37.4853774,126.9307418,155.92441256603038
육회공작소 신림점,"육류,고기",신림동 1640-41,2.8,6,41,37.483234,126.9291747,122.97792832308748
전주익산집,순대,신림동 1640-31,3.2,20,580,37.4832519,126.9287583,138.27977418048567
양평해장국 봉천점,해장국,보라매동 972-4,2.8,30,23,37.4897845,126.9273703,645.1409616472736
정통계란말이김밥,분식,신림동 1427-14,1.8,10,21,37.4877796,126.9295451,390.0675806072684
이태리부대찌개 보라매점,"찌개,전골",봉천동 702-108,3.1,9,28,37.4912612,126.9261675,835.7390103313702
강남곱창이야기 신림점,"곱창,막창",신림동 1438-17,4.5,13,72,37.4867884,126.9263717,402.6077626609025
마티스커피 신림점,커피전문점,서원동 1638-5,3.7,24,6,37.4827959,126.9289469,175.64581193447427
플레이온보드게임카페 신림점,보드카페,신림동 1639-8,4.0,4,54,37.48365560000001,126.927571,196.1340513543645
북촌서서갈비 신림점,갈비,신림동 1433-71,3.2,6,38,37.4848267,126.9277397,179.73895980940904
구루메키친,일본식주점,신림동 1433-95,3.8,12,26,37.4846732,126.9271121,228.60898629782355
설빙 신림점,디저트카페,신림동 1640-1,1.3,23,28,37.4837372,126.9283262,131.3726266277602
수제킹 30Cm돈까스 신림1호점,"돈까스,우동",신림동 1460-1,3.7,23,9,37.4864082,126.9260696,395.44342779554415
왕재곱창구이,"곱창,막창",봉천동 971-14,4.0,5,17,37.4895129,126.9283274,594.3140815625571
역전할머니맥주 서울신림점,"호프,요리주점",신림동 1638-24,2.4,7,28,37.4828856,126.929304,157.28853009852057
자매멸치국수,국수,신림동 1461-1,2.8,12,23,37.4860195,126.926238,358.526639787783
맥도날드 신림점,패스트푸드,신림동 1641-22,2.6,24,16,37.4819033,126.9301807,267.5423763290495
스타벅스 신림역포도몰점,커피전문점,신림동 1641-101,3.9,18,24,37.4840084,126.9301123,50.03477154937198
달다어요,카페,신림동 1419-23,3.8,16,80,37.4864657,126.9313222,284.8606979843259
돼지고기한주먹 주먹대장 신림본점,"육류,고기",신림동 1429-1,5.0,4,21,37.4890316,126.9278085,553.6371015541991
백년불고기물갈비 신림역점,갈비,신림동 1587-10,2.4,5,31,37.4831303,126.9263777,315.7149952384437
스시나마,"초밥,롤",신림동 1641-9,3.1,23,37,37.4831503,126.9299798,128.08542005019072
동해안회집,회,신림동 1432-63,5.0,1,2,37.4859959,126.9285936,213.21079791876582
타요키즈카페 보라매점,키즈카페,신대방동 395-69,3.7,6,15,37.4912431,126.9240825,917.789803091108
버거킹 신림역점,패스트푸드,신림동 1641-17,2.6,28,16,37.4825936,126.9301878,192.57024387633768
서울뼛국,해장국,신림동 1639-57,3.1,14,42,37.4831599,126.9275566,222.57544869955186
함지박치즈등갈비 신림2호점,갈비,신림동 1434-7,2.4,5,59,37.4849059,126.9273394,215.9724871955489
소곱소곱,"곱창,막창",신림동 1425-8,5.0,5,46,37.4867632,126.9297439,277.0471067512628
신사리포차,실내포장마차,신림동 1638-25,2.5,4,26,37.4829211,126.9291418,156.92286544823224
구영회참치&초밥 신림점,참치회,신림동 1637-26,4.4,23,63,37.4817818,126.9292056,279.7789933250796
써브웨이 신림역점,샌드위치,신림동 1421-29,1.6,49,14,37.4851082,126.9299666,96.9280346139422
도노텀블 보라매점,카페,봉천동 735-10,3.8,12,33,37.4909264,126.9263102,796.4927675484763
할리스 신림점,커피전문점,신림동 1432-72,2.9,21,9,37.4859133,126.929228,186.24803009142053
차이30,중식,신대방동 395-70,4.6,9,82,37.4921385,126.9242551,995.9161064185128
낮부엉이,"호프,요리주점",신림동 1433-95,5.0,3,43,37.4846732,126.9271121,228.60898629782355
개미집 신림점,"해물,생선",신림동 1640-46,3.0,9,47,37.4831113,126.9293517,131.8559967733847
맘스터치 신림역점,패스트푸드,신림동 1433-51,2.4,29,10,37.4844412,126.9282551,124.79115885019873
신림양꼬치,양꼬치,신림동 1425-23,4.5,2,27,37.48729,126.9291179,338.8197186288966
숯총각닭발꼼장어,치킨,신림동 1432-137,5.0,1,19,37.485893,126.927781,244.44769282688725
투썸플레이스 신림로점,커피전문점,신림동 1641-107,3.6,12,8,37.4834152,126.9299715,99.39545366485385
신림집,삼겹살,신림동 1639-30,2.7,6,91,37.4833207,126.9284,153.0892820637229
똥개네퓨전포차,실내포장마차,신림동 1423-19,4.5,4,42,37.4859423,126.930338,195.2327096544914
마스터 산더미파불고기,"불고기,두루치기",신림동 1439-13,4.5,2,42,37.4872118,126.9264606,431.47170412184676
신사리즉석불떡볶이,떡볶이,신림동 1639-33,3.9,7,34,37.4830251,126.9285852,167.7147679696096
서가앤쿡 서울신림역점,양식,신림동 1424-28,2.3,16,65,37.4854721,126.9299512,135.9324141104047
시간을들이다,"제과,베이커리",상도동 304-12,4.3,46,115,37.4976148,126.9304791,1485.3641308238898
홍대몬스터피자 신림점,피자,신림동 1425-11,4.0,1,25,37.4864833,126.9295828,245.88725268175602
신쭈꾸미,"해물,생선",신림동 1431-16,2.7,7,26,37.4862974,126.9290541,231.26309719554638
Cafe H,카페,신림동 1442-14,3.5,11,17,37.4889012,126.9255544,629.0329143481994
매갈,갈비,신림동 1439-13,3.0,1,38,37.4872118,126.9264606,431.47170412184676
스타벅스 보라매대교점,커피전문점,봉천동 729-21,3.8,10,8,37.4909895,126.9255211,831.115958201434
신풍루곱창,"곱창,막창",봉천동 957-18,3.7,22,65,37.4857527,126.9376859,727.6037556389288
신림정,갈비,신림동 1428-5,3.7,3,5,37.4886111,126.928839,487.73118213451085
황제갈비,갈비,신림동 1411-28,4.8,13,17,37.4843291,126.9332929,321.197615975373
삼촌네,순대,신림동 1640-38,3.5,13,173,37.4832236,126.9290222,129.266183812478
혼맛스시,"초밥,롤",신림동 1421-60,4.2,10,28,37.4852859,126.9303903,130.08113891213196
복돈이부추삼겹살집 신림3호점,삼겹살,신림동 1432-88,4.2,5,7,37.4852651,126.928794,133.8911042350994
더진국 신림점,국밥,신림동 1640-1,3.4,13,13,37.4837372,126.9283262,131.3726266277602
솟대막걸리양조장,술집,신림동 1637-7,3.8,12,28,37.4815782,126.9297014,299.64455457841586
불타는꼬꼬발 1호점,닭요리,신림동 1464-18,5.0,5,20,37.4840082,126.9253215,383.35500528350696
이태리로간고등어,"해물,생선",신대방동 395-69,2.3,16,86,37.4912431,126.9240825,917.789803091108
꼬꼬아찌숯불치킨 신림역점,치킨,신림동 1639-26,3.8,12,37,37.4835961,126.9281632,151.48844156642082
만물다방,다방,봉천동 969-44,4.7,7,21,37.4888716,126.9302374,513.9654517530867
십원집 신림점,"육류,고기",신림동 1424-19,4.7,3,14,37.485945,126.9299343,187.59701749168406
원주골돌솥추어탕,추어,신림동 1445-14,2.7,6,25,37.4895815,126.9225911,858.3407881882756
형제집,"육류,고기",신림동 1639-16,3.0,2,157,37.4835509,126.9278529,177.98876541391056
순곱이네,"찌개,전골",신림동 1433-18,4.4,11,62,37.48491,126.928582,118.1447413220982
전티마이베트남쌀국수 보라매점,베트남음식,봉천동 702-36,4.0,6,35,37.4910962,126.9273504,785.4772561865232
지리산삼계탕 2호점,삼계탕,신림동 1641-40,2.0,5,99,37.4810916,126.9302952,358.2272029761674
파리바게뜨 신림사거리점,"제과,베이커리",신림동 1433-86,2.6,11,4,37.4842485,126.9278678,157.57326676806997
큐슈라멘 신림점,일본식라면,신림동 1459-3,3.4,15,10,37.486735,126.9259484,426.4161613776189
신안산낙지,"해물,생선",봉천동 972-29,3.3,7,19,37.4904822,126.92562,776.7807409912402
일상식당,일식,봉천동 707-3,4.4,26,30,37.4913902,126.9276786,810.383942260207
곱창나라,"곱창,막창",신림동 1433-74,3.2,9,69,37.4846742,126.9275146,193.923693742562
24시전주콩나물국밥,국밥,신림동 1458-3,3.2,6,7,37.4871404,126.925833,464.0126400365068
독특하개,애견카페,신림동 1438-13,5.0,1,9,37.4868513,126.926148,421.75216438458847
우리집팔당닭발 신림점,한식,신림동 1430-48,4.5,2,80,37.4874706,126.9277663,392.6427199331151
단빠,일식집,신대방동 395-70,4.5,2,9,37.4921385,126.9242551,995.9161064185128
킴쓰해물로스,"해물,생선",신림동 1637-3,4.1,12,80,37.4819831,126.9296437,254.59311568800985
나는남자닭,치킨,신림동 1424-2,4.1,14,15,37.4863598,126.9296751,232.08374430898755
육첩반상 신림점,"육류,고기",신림동 1639-1,3.1,12,34,37.4836212,126.9270559,240.3662275829625
두만강샤브샤브양꼬치,샤브샤브,신림동 1429-17,4.2,6,11,37.4891877,126.9273381,583.4552371028456
맥주활력수,"호프,요리주점",신림동 1637-23,3.9,7,43,37.4818859,126.9293556,266.6971944488219
크래프트한스 신림점,"호프,요리주점",서원동 1639-29,3.7,11,36,37.4834291,126.9283261,150.0482276496752
고릴라수제버거&컵밥 신림점,햄버거,신림동 1461-1,4.3,11,7,37.4860195,126.926238,358.526639787783
옛날집,"육류,고기",신림동 1413-17,3.9,12,43,37.4853332,126.9324306,271.9465874128794
베러댄와플 신림점,"제과,베이커리",신림동 1433-127,3.9,7,14,37.48484730000001,126.9266324,274.1061199320091
북경반점,중화요리,신림동 75-43,1.9,13,19,37.4840768,126.9307004,94.91910342435422
노랑통닭 신림점,치킨,신림동 1434-8,2.8,8,20,37.4848841,126.9272142,225.7027007971928
문성골족발집,"족발,보쌈",신림동 1636-35,4.3,9,118,37.48078539999999,126.9281219,410.64152905330593
시부야38 신림본점,일본식주점,신림동 1640-30,0.0,0,31,37.4834141,126.9285581,135.84716910171701
게장뷔페,뷔페,봉천동 728-61,2.5,13,33,37.492409,126.9270455,933.5181887255216
KFC 보라매점,패스트푸드,신대방동 395-73,1.9,18,11,37.4917313,126.9251532,919.5057255425469
써브웨이 보라매점,샌드위치,신대방동 708,1.8,33,6,37.491172,126.9249803,870.9469899420035
넥스트에디션 신림점,테마카페,신림동 1640-1,5.0,1,71,37.4837372,126.9283262,131.3726266277602
신림매운등갈비찜,갈비,신림동 1432-53,3.2,5,7,37.4859432,126.928046,233.70525959644448
홍콩반점0410 신림역점,중화요리,신림동 1639-1,3.9,14,17,37.4836212,126.9270559,240.3662275829625
하하호호이모포차,실내포장마차,신림동 1425-29,5.0,2,13,37.4871366,126.9295916,318.49878558846086
무쏘 신림역점,"육류,고기",신림동 1640-26,1.0,7,19,37.4837845,126.9288717,87.77140882366312
쉬즈베이글 신림점,디저트카페,신림동 1433-227,2.8,5,14,37.4842433,126.927402,198.6773265836042
동대문엽기떡볶이 신림점,떡볶이,신림동 1432-175,2.0,7,12,37.4869652,126.9272783,365.4481161289262
단골손님 신림점,"호프,요리주점",신림동 1640-36,1.0,1,37,37.4834123,126.9291608,105.08096897358436
싸움의고수 신림점,"족발,보쌈",신림동 1637-4,2.4,18,21,37.4818406,126.9297305,270.5226208547311
카페베네 신림역점,커피전문점,신림동 1640-3,2.5,6,9,37.4837041,126.9286433,109.27245687929604
두둑한샤브칼국수 신림점,샤브샤브,신림동 1421-45,4.4,11,24,37.4851443,126.9306705,132.08961301544832
혼자두면 장판뜯어서차린 개카페,애견카페,봉천동 959-2,3.0,4,29,37.4850696,126.9356716,538.3622323975558
광어&연어,회,신림동 1464-12,4.4,5,21,37.4842581,126.9250635,404.9925607981859
룸펜,"호프,요리주점",신림동 1424-3,5.0,10,23,37.4863724,126.9297721,233.71181203779523
봉용파절이삼겹살,"불고기,두루치기",신림동 1443-32,2.3,6,17,37.4893564,126.9267635,620.1288051846905
옛골맛족발 신림직영점,"족발,보쌈",신림동 1430-48,0.0,0,7,37.4874706,126.9277663,392.6427199331151
거해참치,참치회,신림동 1422-3,4.8,4,21,37.4849425,126.9322756,243.06539152407302
포차끝판왕,실내포장마차,신림동 1638-19,0.0,0,155,37.4828606,126.9295271,157.41276306860618
명품횡성한우가 직영점,"육류,고기",신림동 1416-26,1.0,2,9,37.4878658,126.9305152,406.7077600026931
꼬주막,한식,신림동 1433-69,2.0,1,83,37.4847296,126.9277671,174.01679963335152
감성오뎅,오뎅바,신림동 1432-137,5.0,3,19,37.485893,126.927781,244.44769282688725
명동찌개마을 신림점,"찌개,전골",신림동 1421-61,2.1,9,9,37.4852684,126.9302436,122.35454525022037
만나칼국수,국수,보라매동 701-1,4.8,5,12,37.4904718,126.9263574,748.1432055660257
도미노피자 보라매점,피자,봉천동 968-29,4.0,2,12,37.4875404,126.9327904,456.77024626313033
막샵,"호프,요리주점",신림동 1438-28,3.0,4,7,37.4870414,126.926843,395.3107357486445
진1926 보라매점,"육류,고기",신대방동 395-73,4.7,12,21,37.4917313,126.9251532,919.5057255425469
흥부보쌈,"족발,보쌈",신림동 1638-20,4.3,6,61,37.4826828,126.9293962,178.23878405812607
1943,"호프,요리주점",신림동 1640-13,2.0,1,7,37.4836589,126.929423,71.21346710648146
아우성황소곱창 신림1호점,"곱창,막창",신림동 1433-66,4.0,5,35,37.4845509,126.9279268,155.45320378476313
로데오김밥 보라매점,분식,봉천동 972-1,5.0,8,0,37.4900863,126.9273716,677.0686388235473
양떼목장양꼬치,양꼬치,신림동 1421-60,3.7,3,25,37.4852859,126.9303903,130.08113891213196
공차 신림역점,카페,신림동 1433-49,2.8,15,14,37.4843223,126.9284536,106.00544476582719
성민양꼬치 신림역점,양꼬치,신림동 1639-64,2.3,7,12,37.4829288,126.9282044,196.66375533380193
백스비어 신림역점,"호프,요리주점",신림동 1640-36,2.0,3,9,37.4834123,126.9291608,105.08096897358436
셜록홈즈 신림1호점,테마카페,신림동 1639-27,3.3,4,29,37.4835127,126.9282073,153.0425451229405
설빙 보라매점,디저트카페,신대방동 708,1.3,3,11,37.491172,126.9249803,870.9469899420035
신림닭꼬치,닭요리,신림동 1439-18,4.5,8,12,37.4871548,126.9260352,452.35155655673873
포원제로 신림점,햄버거,신림동 1458-3,4.5,4,38,37.4871404,126.925833,464.0126400365068
돈가대박집,삼겹살,봉천동 967-17,3.3,6,9,37.4867796,126.9345561,514.62351726696
차르도르&펫살롱,애견카페,봉천동 702-102,5.0,2,3,37.4909879,126.9269381,784.1889804540048
육쌈냉면 신림점,냉면,신림동 1638-20,2.6,27,33,37.4826828,126.9293962,178.23878405812607
한신포차 신림역점,실내포장마차,신림동 1640-14,2.4,5,14,37.4834622,126.9294937,91.21753609279432
키오참치 신림본점,참치회,신림동 11-19,3.5,6,10,37.4841477,126.9311698,134.52360863367707
롯데리아 신림역점,패스트푸드,신림동 1640-9,1.8,16,7,37.483818,126.9292817,60.26400481176188
경성양꼬치 신림점,양꼬치,신림동 1434-16,3.0,6,19,37.4849368,126.926872,256.28348694753527
배스킨라빈스 신림점,아이스크림,신림동 1637-2,4.5,8,16,37.4821057,126.9296521,240.9591965622681
현쇼쿠도,일본식주점,신림동 1429-2,4.2,5,17,37.48913,126.9275346,571.5463966247721
삼촌집,"초밥,롤",신림동 1458-2,4.7,11,16,37.4872926,126.9257245,482.63117062408253
유가네닭갈비 신림점,닭요리,신림동 1640-29,3.6,9,30,37.483484,126.9285187,133.09688710502755
신룽푸마라탕,중화요리,신림동 1424-11,3.4,8,14,37.4860714,126.9296713,200.01341979250455
현대옥 서울신림역점,국밥,신림동 1432-87,2.2,10,16,37.4851696,126.9287909,125.44920495895849
루체에살레,이탈리안,신림동 1455-1,4.9,10,28,37.4878463,126.925582,535.674672908637
서평면옥,냉면,신대방동 395-70,4.2,15,19,37.4921385,126.9242551,995.9161064185128
짬뽕의복수,중화요리,신림동 487-5,2.7,11,13,37.4833117,126.9210699,764.8728634921464
배영만 당진아구동태찜탕 보라매본,아구,봉천동 728-83,2.7,3,18,37.492056,126.9270754,894.85553952368
공간마카롱,"제과,베이커리",신림동 1641-26,5.0,6,33,37.4814319,126.9302587,320.36645575741295
오술차 신림점,"호프,요리주점",신림동 1639-38,4.2,5,20,37.4834314,126.9280819,167.2654957093144
계림원 신림점,치킨,신림동 1455-2,4.7,3,16,37.4877529,126.9256161,525.9742750098709
인생고기 신림역점,"육류,고기",신림동 1433-59,3.3,3,27,37.4843736,126.9281577,132.44680281749552
쪽갈비예감 신림점,갈비,신림동 1412-12,1.7,3,12,37.4851078,126.9326113,277.02093787877385
두끼떡볶이 신림역점,떡볶이,신림동 1641-23,3.1,17,28,37.4818438,126.9301782,274.0227070090386
아재포차,실내포장마차,신림동 1420-15,2.3,3,96,37.485645,126.9312423,207.22128093442612
부엉이돈가스 롯데백화점 관악점,"돈까스,우동",봉천동 729-22,4.6,22,110,37.4905756,126.9249911,812.6566133556295
모스키친,"돈까스,우동",신대방동 344-15,4.2,56,101,37.49749630000001,126.9276479,1481.0072861331355
신림국수,국수,신림동 1434-15,3.4,5,36,37.484811,126.9269111,249.2581006999465
상남스시,"초밥,롤",신대방동 361-50,4.1,37,132,37.4981715,126.9238203,1628.912095910924
하노이별 신림역점,동남아음식,신림동 1421-29,3.7,10,12,37.4851082,126.9299666,96.9280346139422
시골장칼국수,국수,신림동 1421-49,4.8,15,11,37.4853697,126.9306876,152.33879207781158
갈비촌,갈비,신림동 1637-20,1.8,6,11,37.4815769,126.9293634,300.8490644241473
탕화쿵푸마라탕 신림점,중화요리,신림동 1639-19,2.4,11,14,37.4837221,126.9278448,170.92154712829415
마실밤,술집,신림동 1433-227,5.0,7,46,37.4842433,126.927402,198.6773265836042
안단단맛,디저트카페,신림동 1635-44,4.9,24,38,37.4803229,126.9286984,447.20811757878386
손칼국수잘하는집,국수,신림동 1460-1,4.5,11,13,37.4864082,126.9260696,395.44342779554415
신림한우,설렁탕,신림동 1424-19,0.0,0,34,37.485945,126.9299343,187.59701749168406
열정분식소 제발주문점,떡볶이,봉천동 968-20,3.7,6,6,37.4874109,126.9331145,463.7138429493677
할리스 신림사거리점,커피전문점,신림동 1433-51,3.2,5,0,37.4844412,126.9282551,124.79115885019873
서일순대국,순대,신대방동 377-1,3.4,118,175,37.4980298,126.9207304,1720.410903804032
채린,중화요리,신림동 1429-4,4.5,10,5,37.4892824,126.9270507,602.531531866743
고앤고 본점,"육류,고기",봉천동 959-2,4.7,14,28,37.4850696,126.9356716,538.3622323975558
왕주먹,"육류,고기",신림동 75-25,3.8,12,63,37.4824714,126.9310229,233.9256770166792
배스킨라빈스 보라매타운점,아이스크림,봉천동 972-21,3.8,5,4,37.4899608,126.9266486,685.8059006324416
소문난횟집 어회가,회,신림동 1434-21,2.5,6,3,37.4849435,126.9275062,203.61004804288103
광어2마리15000원&포장전문점,회,신림동 1445-16,3.2,9,8,37.4895794,126.9229485,835.5647068555074
BHC치킨 신림역점,치킨,신림동 11-17,1.4,16,8,37.4841911,126.9314835,161.7378325255419
한남식당,"사철탕,영양탕",신림동 1464-15,4.7,3,10,37.4840753,126.9251679,396.3861732879183
도모다찌,일본식주점,봉천동 972-30,5.0,2,8,37.4903406,126.9260054,747.5607891046694
굽네치킨 신림동점,치킨,신림동 1459-8,2.2,5,2,37.4868555,126.925716,450.74881689449916
소년의레시피,이탈리안,신림동 1695,3.9,24,30,37.4804076,126.9293925,430.39549595588613
밀가루랑,키즈카페,신림동 1443-37,5.0,4,16,37.4892882,126.9267984,611.9500007044221
마크빈베이커리 신림본점,"제과,베이커리",신림동 1640-14,3.4,5,213,37.4834622,126.9294937,91.21753609279432
뚜레쥬르 신림사거리점,"제과,베이커리",신림동 1422-30,3.6,5,5,37.4846693,126.9306512,98.47166108127902
레드버튼 신림점,보드카페,신림동 1640-48,2.6,10,4,37.4831472,126.9295332,125.5978353975962
동궁찜닭,닭요리,신림동 1431-39,3.7,3,0,37.4870628,126.9283036,332.319384066642
오장면옥,냉면,봉천동 972-5,3.7,3,6,37.4899963,126.9270812,675.6899861966498
불타는꼬꼬발 신림직영점,닭요리,신림동 1416-24,4.3,4,28,37.4878274,126.9303552,400.08717114666433
생활맥주 신림역점,"호프,요리주점",신림동 1432-128,3.7,3,12,37.4849953,126.9278549,177.87058201621196
마라탕전문점,중식,신대방동 395-69,3.7,18,23,37.4912431,126.9240825,917.789803091108
오장동흥남집 신림직영점,냉면,신림동 1637-11,3.3,6,11,37.4811847,126.9298348,343.74285182374
BBQ 보라매공원점,치킨,봉천동 732-17,1.0,7,9,37.4913318,126.926802,824.2691959317481
남오토코 신림점,일본식주점,신림동 1640-28,5.0,2,17,37.4835778,126.9287344,112.0061334442448
비트포비아 신림점,테마카페,신림동 1638-25,1.6,8,19,37.4829211,126.9291418,156.92286544823224
카츄마마 신림점,"돈까스,우동",신림동 1424-28,1.8,5,42,37.4854721,126.9299512,135.9324141104047
베이징양꼬치훠궈,양꼬치,신림동 1430-52,4.4,5,6,37.4873741,126.9273618,399.76395734278606
싸다김밥 신림역점,분식,신림동 1425-17,1.8,10,7,37.4869368,126.9293208,297.6851365783746
어부사시가,"해물,생선",신림동 1640-30,4.0,10,37,37.4834141,126.9285581,135.84716910171701
푸라닭치킨 신림점,치킨,신림동 1433-92,3.4,8,7,37.4847069,126.9273502,208.87708324935252
숯불삼겹 신림본점,삼겹살,신림동 1422-16,3.9,7,11,37.484718,126.931554,174.86040603698484
우마,일본식주점,신림동 1695,3.7,6,83,37.4804076,126.9293925,430.39549595588613
도우다베이커리,"제과,베이커리",신림동 1442-17,4.4,16,9,37.4891394,126.9254888,654.1156755170749
종가할머니보쌈,"족발,보쌈",신림동 1640-16,3.0,3,17,37.4835617,126.929239,87.10404526061438
포차1979 신림본점,실내포장마차,신림동 1464-13,4.0,4,19,37.4841576,126.9251023,401.7699243465382
초통삼,삼겹살,신림동 1639-1,2.3,13,28,37.4836212,126.9270559,240.3662275829625
불타는조개구이,조개,신림동 1433-148,3.8,4,9,37.4843984,126.9263222,294.25908717904497
찬,일본식주점,신림동 1432-176,1.0,1,24,37.4872434,126.927955,362.7291246972014
발빠닭 신림역점,닭요리,신림동 1640-26,0.0,0,31,37.4837845,126.9288717,87.77140882366312
피자탑 신림점,피자,신림동 1415-27,4.0,5,22,37.4870707,126.9318608,367.0613263618377
칵테일&드림,칵테일바,신림동 1640-13,3.8,11,25,37.4836589,126.929423,71.21346710648146
얹다,일본식라면,신림동 468-1,4.7,15,9,37.4859408,126.9211553,772.4243987623607
소야돼지야,"육류,고기",신림동 1422-15,5.0,1,17,37.4848663,126.9315146,176.99475430944935
경성찹쌀꽈배기,도넛,봉천동 971-4,5.0,3,5,37.4896033,126.9280593,609.1954743308359
샐러디 신림역점,샐러드,신림동 1422-17,4.3,7,27,37.484728,126.9313628,159.10256784280122
리틀하노이 서울신림역점,베트남음식,신림동 1641-11,4.6,7,6,37.4830669,126.9302229,143.1868328765767
동해횟집,회,신림동 1424-6,4.8,4,41,37.4862901,126.9298355,224.90043468342773
죠스떡볶이 신림2호점,떡볶이,신림동 1432-70,1.6,12,6,37.4861448,126.9291184,213.4533606445849
히토리더사까나,일본식주점,신림동 1639-58,3.7,3,38,37.4831135,126.9277042,214.92763054394578
악동통큰떡볶이 신림본점,떡볶이,신림동 1640-48,4.3,3,17,37.4831472,126.9295332,125.5978353975962
60계 신림점,치킨,신림동 1640-40,3.0,3,21,37.4831089,126.9291821,135.92502105919533
신림홍미닭발,닭요리,신림동 1425-10,3.8,5,5,37.48651419999999,126.9297102,249.2947854717551
오늘와인한잔,와인바,봉천동 702-100,4.7,3,10,37.4911605,126.926593,812.0952155633375
도쿄스테이크 신림포도몰점,"스테이크,립",신림동 1641-2,2.7,12,79,37.4838158,126.9302315,71.99546745621771
홍양양양꼬치,양꼬치,신림동 1638-12,3.6,5,6,37.4825678,126.9294284,190.61231990499766
새옹,"초밥,롤",신림동 1441-36,2.3,7,5,37.4885922,126.9261593,570.7357986887512
엔제리너스 신림역점,커피전문점,신림동 1640-10,2.7,10,14,37.4838255,126.9294184,53.87475460706417
오늘와인한잔 신림점,와인바,신림동 1639-27,3.5,2,15,37.4835127,126.9282073,153.0425451229405
등촌샤브칼국수 보라매점,샤브샤브,신대방동 395-69,2.0,4,23,37.4912431,126.9240825,917.789803091108
샐러디 보라매점,패스트푸드,신대방동 395-66,2.9,15,16,37.4913946,126.923403,965.0216093741899
근심좀덜고가,"호프,요리주점",신림동 1431-41,5.0,1,4,37.48727239999999,126.9283719,352.19555980192416
이디야커피 신림패션문화점,커피전문점,신림동 1451-2,5.0,2,3,37.4885801,126.9254188,607.4561926463757
술이남 두번째이야기,"호프,요리주점",신림동 1432-12,3.3,3,18,37.4869833,126.9280797,331.85094200766247
오늘은 이태리,이탈리안,신림동 1433-99,4.7,10,40,37.484294,126.9274205,197.03225551224944
릿커피로스터스,커피전문점,봉천동 972-37,4.5,10,13,37.4903001,126.926404,728.963369542787
청춘포차 신림역점,실내포장마차,신림동 1639-2,1.0,1,2,37.4836364,126.9273417,215.8946318505915
피자헛 신림본점,피자,신림동 1416-1,3.3,8,5,37.4873117,126.9318144,388.00647411066825
와인어클락 신림점,와인바,신림동 1638-7,3.0,2,63,37.4826292,126.9291494,188.08093883266076
땡초우동 신림점,"돈까스,우동",신림동 1434-18,0.0,0,4,37.484952,126.927644,192.71656388804246
투썸플레이스 보라매삼성쉐르빌점,커피전문점,신대방동 395-66,3.4,8,4,37.4913946,126.923403,965.0216093741899
미스터짱닭치킨 신림점,치킨,신림동 1436-17,4.3,3,8,37.4860513,126.9264558,344.54938322933873
맛사랑쭈꾸미 신림점,"해물,생선",신림동 1637-3,4.6,9,37,37.4819831,126.9296437,254.59311568800985
오토야,일식,신림동 1637-8,3.8,13,16,37.481437,126.9297306,315.38896104965517
김류정카페,카페,신림동 1459-1,4.6,7,14,37.4868747,126.9259442,436.83011431483783
참치집,참치회,신림동 1419-7,4.6,15,6,37.4866323,126.9308189,281.8111058265414
KFC 신림역점,패스트푸드,신림동 86-3,3.2,15,10,37.4825364,126.9302452,200.00533077082972
틈새라면 신림점,분식,신림동 1638-20,4.1,17,48,37.4826828,126.9293962,178.23878405812607
말뚝곱창 신림점,"곱창,막창",신림동 1640-28,1.0,3,29,37.4835778,126.9287344,112.0061334442448
쥰케이크,"제과,베이커리",신림동 1439-15,5.0,2,9,37.4871664,126.9262204,441.9093228623118
코코케이크,"제과,베이커리",신림동 1638-17,4.0,5,0,37.4826354,126.9296355,182.06596038083637
짱형제곱창,"곱창,막창",신림동 1430-51,0.0,0,52,37.487401,126.9274417,398.8509008812735
돈수백 보라매점,국밥,봉천동 702-97,3.7,6,17,37.4912298,126.9263828,825.6641373189112
접시고기 신림점,"육류,고기",신림동 1432-162,4.0,2,7,37.4871355,126.9272826,380.90796851760444
파리바게뜨 신림역점,"제과,베이커리",신림동 1640-13,1.0,3,3,37.4836589,126.929423,71.21346710648146
이디야커피 신림중앙점,커피전문점,신림동 1433-141,0.0,0,2,37.4842993,126.9266142,268.1786477786102
UFO버거 보라매점,햄버거,신대방동 708,2.5,4,19,37.491172,126.9249803,870.9469899420035
시네마전라도,순대,신림동 1640-31,3.7,7,187,37.4832519,126.9287583,138.27977418048567
피자스쿨 신림역점,피자,신림동 1639-19,2.3,12,8,37.4837221,126.9278448,170.92154712829415
오떡 신림점,떡볶이,신림동 1433-120,4.5,4,26,37.48423990000001,126.9269283,240.4752901552038
버금새우 신림본점,"호프,요리주점",신림동 1433-55,1.7,3,30,37.4847642,126.928099,147.63807510182016
미식한잔,"호프,요리주점",신림동 1640-23,0.0,0,31,37.4836773,126.9290745,83.6177057281585
더코드 신림점,테마카페,신림동 1639-23,4.5,4,28,37.4837188,126.9280789,151.96488289339615
미스터피자 신림점,피자,신림동 1637-23,3.1,8,30,37.4818859,126.9293556,266.6971944488219
유명한회집,회,신림동 1431-2,1.0,2,2,37.4872771,126.9285923,346.9454963618986
가장맛있는족발 신림점,"족발,보쌈",신림동 1431-43,0.0,0,6,37.4872975,126.928151,361.5229951958848
놀숲 신림역점,만화카페,신림동 1638-19,3.6,10,10,37.4828606,126.9295271,157.41276306860618
뚜레쥬르 신림역점,"제과,베이커리",신림동 1641-19,4.4,5,2,37.4821435,126.9301389,240.60101870854604
던킨도너츠 신림양지병원점,도넛,신림동 10-207,3.3,3,5,37.48431619999999,126.9328589,282.88354382506725
폴바셋 롯데백화점관악점,커피전문점,봉천동 729-22,4.2,5,11,37.4905756,126.9249911,812.6566133556295
신전떡볶이 신림점,떡볶이,봉천동 705-8,1.2,17,2,37.4904539,126.9291508,688.7484745634173
롯데리아 보라매타운점,패스트푸드,신대방동 395-65,2.4,5,5,37.4920496,126.9234976,1021.1698949970657
할리스 신림역점,커피전문점,신림동 1637-1,3.1,8,7,37.482195,126.9296621,231.03073595513706
탐라포차 신림본점,"호프,요리주점",신림동 1638-19,2.0,1,4,37.4828606,126.9295271,157.41276306860618
몽캣,카페,봉천동 703-3,2.6,5,7,37.4908757,126.9277765,752.6649071276605
홍콩반점0410 보라매공원점,중화요리,신대방동 395-69,3.5,11,20,37.4912431,126.9240825,917.789803091108
BHC치킨 신림당곡점,치킨,봉천동 698-26,4.7,3,4,37.48985020000001,126.9291537,621.7561065320759
포36거리 신림역점,베트남음식,신림동 84-23,4.4,8,54,37.4820337,126.9306492,264.0165122118756
마카롱놀이터,"제과,베이커리",신림동 1418-33,4.4,5,13,37.4865271,126.9315373,300.7847462605738
이디야커피 당곡사거리점,커피전문점,봉천동 970-22,5.0,2,1,37.4892526,126.9290254,556.5060342137779
오늘그집,실내포장마차,신림동 1639-8,0.0,0,29,37.48365560000001,126.927571,196.1340513543645
카페 드 발렌느,카페,신림동 1432,4.5,2,21,37.48584,126.9284997,201.82711636360042
디저트39 신림역점,디저트카페,신림동 1638-15,3.7,3,7,37.482416,126.9293899,207.7600513432318
백채김치찌개 신림점,"찌개,전골",봉천동 972-1,4.0,2,5,37.4900863,126.9273716,677.0686388235473
하와이조개,조개,신림동 1638-5,4.0,3,16,37.4827959,126.9289469,175.64581193447427
장항복집,복어,신림동 1446-2,5.0,1,3,37.4895846,126.9221433,887.6692273331197
양지순천집,순대,신림동 1640-38,0.0,0,31,37.4832236,126.9290222,129.266183812478
청담육회,"호프,요리주점",신림동 1640-33,0.0,0,4,37.4833805,126.9288288,123.02701958673642
종로빈대떡,한식,신림동 1433-120,3.5,2,6,37.48423990000001,126.9269283,240.4752901552038
도토리편백집 롯데백화점 관악점,"육류,고기",봉천동 729-22,3.8,5,48,37.4905756,126.9249911,812.6566133556295
서울김밥,한식,신림동 1641-107,1.4,15,6,37.4834152,126.9299715,99.39545366485385
탐앤탐스 삼모타워신림역점,커피전문점,신림동 1638-1,2.3,12,7,37.4821999,126.928909,239.66028373666316
대우뼈감자탕 신원시장점,감자탕,신림동 1587-22,4.8,8,7,37.4824181,126.9273354,290.4474623557156
황학동막창,"곱창,막창",신림동 1433-92,3.0,2,20,37.4847069,126.9273502,208.87708324935252
삼삼당,삼겹살,신림동 1641-11,5.0,3,67,37.4830669,126.9302229,143.1868328765767
진격의곱창,"곱창,막창",신림동 1587-15,3.9,7,7,37.4828141,126.9267915,300.1196867959663
순남시래기 보라매점,한식,신대방동 708,4.4,7,50,37.491172,126.9249803,870.9469899420035
주터,실내포장마차,신림동 1432-64,0.0,0,9,37.4859977,126.9287994,206.08097668756162
피자선생 봉천점,피자,봉천동 970-3,4.2,6,7,37.4889209,126.9300128,517.829601696913
왕실족발앤보쌈,"족발,보쌈",신림동 1450-28,4.4,7,4,37.4889788,126.925274,650.4968107162877
서우얼큰칼국수,국수,신림동 525-29,4.4,20,23,37.4829012,126.9163869,1180.4769826009767
송추골등갈비,갈비,신림동 1443-27,5.0,4,12,37.4895288,126.9257106,680.1512306858883
신림동피자집,피자,신림동 1638-3,3.8,5,24,37.4829122,126.928762,170.50419530817263
김기철의 장수왕만두찐빵,분식,신림동 1421-29,2.0,4,2,37.4851082,126.9299666,96.9280346139422
홍푸차이 신림점,중화요리,신림동 507-26,2.0,14,14,37.4828282,126.9186448,984.5466217551925
고기싸롱 신대방역점,고기뷔페,신림동 522-3,4.5,20,57,37.4842271,126.9137908,1399.6519400994798
빽다방 신림역1호점,커피전문점,신림동 1639-8,3.5,6,3,37.48365560000001,126.927571,196.1340513543645
탐나종합어시장 난곡사거리점,회,신림동 527-9,3.4,13,28,37.482192,126.9151014,1304.6964468389497
전라도집 미자네,순대,신림동 1640-31,0.0,0,219,37.4832519,126.9287583,138.27977418048567
서래갈매기 신림문화의거리점,"육류,고기",신림동 1439-8,0.0,0,6,37.4872529,126.9267156,420.72002489486727
모자원민물장어추어탕,장어,봉천동 724-7,3.9,9,8,37.4941166,126.9269657,1119.985352512419
부추곱창,"곱창,막창",신림동 1433-24,0.0,0,8,37.4849177,126.9284315,129.4884569301739
벌툰 신림점,만화카페,신림동 1421-29,5.0,1,2,37.4851082,126.9299666,96.9280346139422
원조나주곰탕 봉천점,곰탕,봉천동 972-42,2.5,2,1,37.4904707,126.9257446,770.6622430918427
아라쭈꾸미 신림5동점,"해물,생선",신림동 1423-4,4.6,8,12,37.4864345,126.9301659,244.5990406542793
신림역전,한식,신림동 1637-4,4.4,8,14,37.4818406,126.9297305,270.5226208547311
우드스탁,"호프,요리주점",신림동 1639-65,4.6,5,3,37.482951,126.9283691,185.58055758598292
아롱별식탁,퓨전한식,신림동 1417-45,5.0,4,26,37.4869585,126.9305225,308.3370860888211
빽다방 보라매타운점,커피전문점,봉천동 729-24,3.8,4,4,37.4917313,126.9251532,919.5057255425469
나나포차,술집,신림동 1431-44,5.0,3,13,37.4873084,126.9282651,359.09321486235353
서서갈비,갈비,봉천동 702-70,4.5,4,2,37.4908119,126.9274981,751.5824228111823
스윙펍,"호프,요리주점",신림동 1637-26,3.6,5,102,37.4817818,126.9292056,279.7789933250796
배부장찌개가 신림점,"찌개,전골",신림동 1439-5,3.0,5,8,37.4872692,126.9268239,416.3499699698251
테이스티빌런,"호프,요리주점",신림동 1433-172,4.9,8,38,37.484705,126.9258531,338.74557988415444
정원사주타로샵,사주카페,신림동 1425-16,5.0,1,5,37.4868356,126.929389,285.9354641893185
에그드랍 보라매점,샌드위치,신대방동 395-73,4.0,6,17,37.4917313,126.9251532,919.5057255425469
미가짬뽕,중화요리,신림동 1464-1,4.2,11,3,37.4845492,126.9246704,440.7475666024719
소랑돼지랑,"육류,고기",봉천동 968-4,4.5,2,16,37.4871108,126.9338142,484.1227794860305
더불닭발,닭요리,신림동 1416-23,5.0,3,20,37.4877322,126.9302808,388.6431371123457
푸짐한식당,한식,신림동 1432-131,3.3,3,12,37.4852938,126.9277861,200.09235626233718
굴마을낙지촌 신림점,"굴,전복",신림동 1422-17,3.4,9,19,37.484728,126.9313628,159.10256784280122
커피온리 신림역점,커피전문점,신림동 1421-29,5.0,1,3,37.4851082,126.9299666,96.9280346139422
코코호도 보라매점,"제과,베이커리",봉천동 972-39,4.5,2,15,37.490028,126.9263106,704.6559994334419
신온누리에 생돈까스전문점 대방점,"돈까스,우동",대방동 407-27,1.8,53,93,37.4991467,126.9259279,1686.2600840185444
하나비 2호점,"해물,생선",신림동 1439-13,4.0,1,5,37.4872118,126.9264606,431.47170412184676
닭광정 신림역점,닭강정,신림동 1641-107,2.0,18,28,37.4834152,126.9299715,99.39545366485385
신림춘천집 본점,닭요리,신림동 1640-28,4.6,78,57,37.4835778,126.9287344,112.0061334442448
플로레스타229,카페,신림동 1635-117,3.8,8,22,37.4792686,126.9292776,557.4177421966973
메가커피 보라매타운점,커피전문점,신대방동 395-69,3.0,2,5,37.4912431,126.9240825,917.789803091108
인연,카페,신림동 465-35,5.0,1,8,37.4836873,126.9216479,709.3623065532817
고돼지 신림점,삼겹살,신림동 1457-23,0.0,0,14,37.4867452,126.9238971,577.5361006452573
두리닭발,닭요리,신림동 1417-34,5.0,2,6,37.4867815,126.9307693,295.8336385024638
미나리삼겹살,삼겹살,신림동 1428-20,5.0,1,1,37.4877404,126.9292053,387.6131521992883
니뽕내뽕 신림점,퓨전요리,신림동 1641-19,1.9,7,25,37.4821435,126.9301389,240.60101870854604
테이블1629,카페,봉천동 947-15,4.3,14,71,37.4830398,126.938708,810.624007423237
킹콩부대찌개 신림역점,"찌개,전골",신림동 1638-9,3.3,10,21,37.4825699,126.9292701,192.33876860000953
구름산원주추어탕,추어,신림동 1587-4,5.0,1,7,37.4833823,126.9260552,332.5674220643088
장추추어탕 본점,추어,봉천동 735-5,2.3,3,4,37.4909378,126.9266776,786.2601411251744
북촌손만두 신림점,분식,신림동 1424-9,2.5,4,14,37.4861875,126.9295498,213.11290773103642
죽이야기 신림역점,죽,신림동 1425-13,3.7,3,2,37.4866609,126.9294978,265.9111586536519
레드제플린,카페,신림동 1641-50,4.3,3,14,37.4808122,126.9303919,390.269187792385
맛있는술집여기미술관 신림점,"호프,요리주점",신림동 1640-35,1.0,2,8,37.4834702,126.9289915,106.6452409967562
낭풍 신림점,"찌개,전골",신림동 1637-3,2.9,10,4,37.4819831,126.9296437,254.59311568800985
마포화곱창 신림점,"곱창,막창",신림동 1458-11,5.0,3,14,37.4869975,126.9252866,490.156664454908
시골집영양탕,"사철탕,영양탕",봉천동 961-3,5.0,2,5,37.4860873,126.9346225,482.64987113219104
어심,회,신림동 1423-21,3.0,2,3,37.48582040000001,126.9303047,181.43949124278848
반지더하기 신림점,테마카페,신림동 1639-29,2.3,3,14,37.4834291,126.9283261,150.0482276496752
더리터 신림점,커피전문점,신림동 1441-28,2.3,6,2,37.4880557,126.9258176,539.8989681181903
배바우,쌈밥,신림동 1641-36,4.8,9,14,37.4813292,126.930562,336.97895999922304
본죽&비빔밥cafe 관악우체국점,퓨전한식,신림동 1412-4,2.5,10,5,37.4848725,126.9326,268.4152158047943
학주스시,"초밥,롤",신림동 1429-9,4.8,4,30,37.4888697,126.9277452,538.1774967153505
메가커피 신림역점,커피전문점,신림동 1638-19,1.5,4,2,37.4828606,126.9295271,157.41276306860618
이디야커피 신림르네상스점,커피전문점,신림동 1422-38,3.3,3,4,37.4845315,126.9302688,61.45734608588471
오뎅집모이,오뎅바,신림동 1432-2,3.0,3,2,37.4871981,126.9276266,371.2059938350448
영빈관,중화요리,신림동 1410-15,3.6,8,7,37.4849523,126.9337555,369.7571307524435
치킨선생 신림점,치킨,봉천동 703-23,4.2,5,6,37.4899357,126.9282445,641.8506401107295
방앗간,카페,신림동 1465-16,4.3,6,23,37.4848618,126.9242713,479.3842163425697
소문난순대국,순대,신림동 1587-34,3.5,6,13,37.4817511,126.9282065,308.08575823738033
김종용누룽지통닭 신림점,치킨,신림동 1410-4,4.0,1,19,37.48529,126.9337304,377.1031251134599
불난술집 신림점,술집,신림동 1640-26,0.0,0,9,37.4837845,126.9288717,87.77140882366312
김가네 신림문화의거리점,분식,신림동 1459-4,2.3,3,3,37.4866258,126.9260235,413.57068909645767
#도쿄시장 신림점,"호프,요리주점",신림동 1639-30,0.0,0,18,37.4833207,126.9284,153.0892820637229
어사출또 봉천점,회,봉천동 952-18,4.0,1,42,37.4863551,126.9385469,818.1655485799399
서연횟집,회,봉천동 702-108,3.3,7,4,37.4912612,126.9261675,835.7390103313702
수현이네통닭,치킨,신림동 1424-4,5.0,3,5,37.4863907,126.9299042,236.5494093467243
태능참숯불갈비,갈비,봉천동 734-16,5.0,1,2,37.4907851,126.9262274,784.7049721016617
명랑핫도그 신림점,패스트푸드,신림동 1641-12,3.0,10,4,37.482939,126.930123,153.98106458693604
아비꼬 신림역점,퓨전요리,신림동 1639-29,1.4,16,22,37.4834291,126.9283261,150.0482276496752
달구리삼겹살,삼겹살,신림동 1433-142,4.2,5,6,37.4843751,126.9265317,275.6768947226452
속초오징어어시장 보라매점,"해물,생선",봉천동 735-11,2.5,4,5,37.4907406,126.926988,756.671881852402
신림가든,삼계탕,신림동 1425-3,2.3,3,8,37.4875074,126.9292437,361.49497653697506
내사랑돈까스 신림점,"돈까스,우동",신림동 465-32,3.8,8,7,37.4833367,126.9217344,706.4474237129542
장호덕손만두 서울보라매점,분식,신림동 1440-24,5.0,4,5,37.4877897,126.9258926,512.8807614731826
구수옥설렁탕 신림점,설렁탕,봉천동 947-12,2.7,13,15,37.4833749,126.9384918,786.2327013737543
단풍나무숲,"호프,요리주점",신림동 1640-29,2.0,2,9,37.483484,126.9285187,133.09688710502755
종가집마님김밥 신림점,분식,봉천동 971-3,5.0,2,3,37.4897038,126.9280126,621.0215984636699
교동짬뽕,중화요리,신림동 1638-14,2.0,4,3,37.48245989999999,126.9294548,202.3338807676892
함흥냉면,냉면,봉천동 972-5,5.0,1,0,37.4899963,126.9270812,675.6899861966498
킹크랩대게한상 봉천점,"게,대게",봉천동 949-20,2.1,7,21,37.4843459,126.9378596,724.1272522506271
공차 보라매점,카페,봉천동 729-24,1.0,3,3,37.4917313,126.9251532,919.5057255425469
배스킨라빈스 신림포도몰점,아이스크림,신림동 1641-2,3.7,6,7,37.4838158,126.9302315,71.99546745621771
유우,일본식주점,봉천동 721-6,5.0,2,6,37.4920018,126.9272549,885.108485665716
맵당 신림점,갈비,신림동 1637-6,0.0,0,41,37.4816394,126.9295999,292.8474369051512
루비정,중화요리,신림동 10-661,3.8,9,32,37.4834362,126.9376995,716.0264334334133
컴포즈커피 신림1호점,커피전문점,신림동 1639-2,2.1,10,3,37.4836364,126.9273417,215.8946318505915
리춘시장 신림역점,"호프,요리주점",신림동 1639-65,4.3,4,6,37.482951,126.9283691,185.58055758598292
더빈마켓,카페,신림동 493-21,5.0,3,17,37.4856443,126.9178952,1048.6292058598754
올빼미상회 신림점,"호프,요리주점",신림동 1454-3,5.0,2,0,37.488086,126.9254802,561.5814907154607
왕돈가스왕냉면,분식,신림동 1587-22,3.5,8,2,37.4824181,126.9273354,290.4474623557156
멕시코리아,"멕시칸,브라질",신림동 1425-8,4.0,1,7,37.4867632,126.9297439,277.0471067512628
김채원24시감자탕,감자탕,봉천동 702-3,1.0,1,1,37.49021219999999,126.927838,679.5891679425482
해랑강 양다리양꼬치,양꼬치,봉천동 702-3,5.0,4,2,37.49021219999999,126.927838,679.5891679425482
부여소부리보리밥,한식,봉천동 702-4,5.0,1,7,37.4906247,126.9264299,761.4239855373424
빽다방 신림역2호점,커피전문점,신림동 1641-12,3.8,5,3,37.482939,126.930123,153.98106458693604
궁중 삼계탕,삼계탕,신대방동 395-66,3.2,6,5,37.4913946,126.923403,965.0216093741899
본죽 신림역점,죽,신림동 1637-3,2.6,9,3,37.4819831,126.9296437,254.59311568800985
고고즉석떡볶이 신림역점,분식,신림동 1424-9,4.5,4,13,37.4861875,126.9295498,213.11290773103642
장충영양족발,"족발,보쌈",신림동 10-627,5.0,7,11,37.4843786,126.9362874,585.4759254600592
